<?xml version="1.0" encoding="UTF-8"?><FORMAT name="UNIMARC" domain="Bibliographic" version="1" xmlns:xsi="http://www.w3.org/2001/XMLSchema-instance" xsi:noNamespaceSchemaLocation="../../schemas/FORMAT.xsd">  <LEADER mandatory="y" repeatable="n">    <RECORD-STATUS name="Record Status" start="6" length="1">      <OPTION name="Corrected Record" value="c"/>      <OPTION name="Deleted Record" value="d"/>      <OPTION name="New Record" value="n"/>      <OPTION name="Previously Issued Higher Level Record" value="o"/>      <OPTION name="Previously Issued as an Incomplete, Pre-publication Record" value="p"/>    </RECORD-STATUS>    <TYPE-OF-RECORD name="Type of Record" start="7" length="1">      <OPTION name="Language Materials, Printed" value="a"/>      <OPTION name="Language Materials, Manuscript" value="b"/>      <OPTION name="Music Scores. Printed" value="c"/>      <OPTION name="Music Scores, Manuscript" value="d"/>      <OPTION name="Cartographic Materials, Printed" value="e"/>      <OPTION name="Cartographic Materials, Manuscript" value="f"/>      <OPTION name="Projected and Video Material (Motion Pictures, Filmstrips, Slides, Transparencies, Video Recordings)" value="g"/>      <OPTION name="Sound Recordings, Non-musical Performance" value="i"/>      <OPTION name="Sound Recordings, Musical Performance" value="j"/>      <OPTION name="Two-dimensional Graphics (Pictures, Designs etc.)" value="k"/>      <OPTION name="Electronic resources" value="l"/>      <OPTION name="Multimedia" value="m"/>      <OPTION name="Three-dimensional Artefacts and Realia" value="m"/>    </TYPE-OF-RECORD>    <BIBLIOGRAPHIC-LEVEL name="Bibliographic Level" start="8" length="1">      <OPTION name="Analytic (Component Part)" value="a"/>      <OPTION name="Monographic" value="m"/>      <OPTION name="Serial" value="s"/>      <OPTION name="Collection" value="c"/>    </BIBLIOGRAPHIC-LEVEL>    <HIERARCHICAL-LEVEL-CODE name="Hierarchical Level Code" start="9" length="1">      <OPTION name="(Blank) - Hierarchical Relationship Undefined" value=" "/>      <OPTION name="No Hierarchical Relationship" value="0"/>      <OPTION name="Highest Level Record" value="1"/>      <OPTION name="Record Below Highest Level (All Levels Below)" value="2"/>    </HIERARCHICAL-LEVEL-CODE>    <ENCODING-LEVEL name="Encoding Level" start="18" length="1">      <OPTION name="(Blank) - Full Level" value=" "/>      <OPTION name="Sublevel 1: Not examined when the record was prepared for inclusion in a machinereadable database." value="1"/>      <OPTION name="Sublevel 2: CIP" value="2"/>      <OPTION name="Sublevel 3: Less than full cataloguing" value="3"/>    </ENCODING-LEVEL>    <DESCRIPTIVE-CATALOGUING-FORM name="Descriptive Cataloguing Form" start="19" length="1">      <OPTION name="(Blank) - Record is in full ISBD form" value=" "/>      <OPTION name="Record is in partial or incomplete ISBD form" value="i"/>      <OPTION name="Record is in non-ISBD form" value="n"/>    </DESCRIPTIVE-CATALOGUING-FORM>  </LEADER></FORMAT>